name,url,reason,source
"OpenAI API","https://openai.com/blog/openai-api","Domain exists","awesome-generative-ai"
"GitHub Copilot","https://github.blog/2021-06-29-introducing-github-copilot-ai-pair-programmer","Name exists","awesome-generative-ai"
"Stable Diffusion Public Release","https://stability.ai/blog/stable-diffusion-public-release","Domain exists","awesome-generative-ai"
"OPT","https://huggingface.co/facebook/opt-350m","Domain exists","awesome-generative-ai"
"Llama","https://www.llama.com","Name exists","awesome-generative-ai"
"Claude","https://claude.ai","Domain exists","awesome-generative-ai"
"Mistral","https://mistral.ai/en/models","Domain exists","awesome-generative-ai"
"ChatGPT","https://chatgpt.com","Name exists","awesome-generative-ai"
"Copilot","https://copilot.microsoft.com","Domain exists","awesome-generative-ai"
"Gemini","https://gemini.google.com","Domain exists","awesome-generative-ai"
"Character.AI","https://character.ai","Domain exists","awesome-generative-ai"
"Pi","https://pi.ai","Domain exists","awesome-generative-ai"
"Qwen","https://chat.qwenlm.ai","Name exists","awesome-generative-ai"
"Perplexity AI","https://www.perplexity.ai","Domain exists","awesome-generative-ai"
"Phind","https://phind.com","Domain exists","awesome-generative-ai"
"You.com","https://you.com","Domain exists","awesome-generative-ai"
"Jasper","https://www.jasper.ai","Domain exists","awesome-generative-ai"
"Rytr","https://rytr.me","Domain exists","awesome-generative-ai"
"wordtune","https://www.wordtune.com","Domain exists","awesome-generative-ai"
"copy.ai","https://www.copy.ai","Domain exists","awesome-generative-ai"
"ChatSonic","https://writesonic.com/chat","Domain exists","awesome-generative-ai"
"Anyword","https://anyword.com","Domain exists","awesome-generative-ai"
"QuillBot","https://quillbot.com","Domain exists","awesome-generative-ai"
"Mem","https://mem.ai","Domain exists","awesome-generative-ai"
"Taskade","https://www.taskade.com","Domain exists","awesome-generative-ai"
"Notion AI","https://www.notion.so/product/ai","Domain exists","awesome-generative-ai"
"Otter.ai","https://otter.ai","Domain exists","awesome-generative-ai"
"Fireflies.ai","https://fireflies.ai","Domain exists","awesome-generative-ai"
"Elicit","https://elicit.org","Domain exists","awesome-generative-ai"
"Explainpaper","https://www.explainpaper.com","Domain exists","awesome-generative-ai"
"Consensus","https://consensus.app/search","Domain exists","awesome-generative-ai"
"scite","https://scite.ai","Domain exists","awesome-generative-ai"
"OpenAI Codex","https://platform.openai.com/docs/guides/code","Domain exists","awesome-generative-ai"
"Amazon Q","https://aws.amazon.com/q","Domain exists","awesome-generative-ai"
"tabnine","https://www.tabnine.com","Domain exists","awesome-generative-ai"
"CodiumAI","https://www.codium.ai","Domain exists","awesome-generative-ai"
"Continue","https://www.continue.dev","Domain exists","awesome-generative-ai"
"Windsurf","https://windsurf.com","Name exists","awesome-generative-ai"
"LangChain","https://langchain.com","Domain exists","awesome-generative-ai"
"Cursor","https://www.cursor.so","Name exists","awesome-generative-ai"
"Together AI","https://www.together.ai","Domain exists","awesome-generative-ai"
"Google AI Studio","https://aistudio.google.com","Domain exists","awesome-generative-ai"
"Devin","https://devin.ai","Name exists","awesome-generative-ai"
"Claude Code","https://code.claude.com","Name exists","awesome-generative-ai"
"Poe","https://poe.com","Domain exists","awesome-generative-ai"
"GPT Builder","https://chat.openai.com/gpts/editor","Domain exists","awesome-generative-ai"
"Midjourney","https://www.midjourney.com","Domain exists","awesome-generative-ai"
"Imagen","https://imagen.research.google","Domain exists","awesome-generative-ai"
"Craiyon","https://www.craiyon.com","Domain exists","awesome-generative-ai"
"DreamStudio","https://beta.dreamstudio.ai","Name exists","awesome-generative-ai"
"Playground","https://playground.com","Domain exists","awesome-generative-ai"
"Ideogram","https://ideogram.ai","Domain exists","awesome-generative-ai"
"Nightcafe","https://creator.nightcafe.studio","Name exists","awesome-generative-ai"
"Leonardo AI","https://leonardo.ai","Domain exists","awesome-generative-ai"
"Lexica","https://lexica.art","Domain exists","awesome-generative-ai"
"Runway","https://runwayml.com","Domain exists","awesome-generative-ai"
"Synthesia","https://www.synthesia.io","Domain exists","awesome-generative-ai"
"Pictory","https://pictory.ai","Domain exists","awesome-generative-ai"
"Pika","https://pika.art","Domain exists","awesome-generative-ai"
"HeyGen","https://app.heygen.com","Name exists","awesome-generative-ai"
"Luma Dream Machine","https://lumalabs.ai/dream-machine","Domain exists","awesome-generative-ai"
"D-ID","https://www.d-id.com","Domain exists","awesome-generative-ai"
"Resemble AI","https://www.resemble.ai","Domain exists","awesome-generative-ai"
"Play.ht","https://play.ht","Domain exists","awesome-generative-ai"
"Mubert","https://mubert.com","Domain exists","awesome-generative-ai"
"AIVA","https://www.aiva.ai","Domain exists","awesome-generative-ai"
"Suno AI","https://www.suno.ai","Domain exists","awesome-generative-ai"
"Udio","https://www.udio.com","Domain exists","awesome-generative-ai"
"Diagram","https://diagram.com","Domain exists","awesome-generative-ai"
"Notion AI","https://affiliate.notion.so/9po6cx7rvdr6-4y5a7","Name exists","awesome-ai-tools"
"Murf AI","https://get.murf.ai/v8i9to5ad4oq","Name exists","awesome-ai-tools"
"SciSpace","https://scispace.com","Name exists","awesome-ai-tools"
"NotebookLM","https://notebooklm.google.com","Name exists","awesome-ai-tools"
"Canva","https://www.canva.com","Domain exists","awesome-ai-tools"
"Playground AI","https://playgroundai.com","Name exists","awesome-ai-tools"
"Descript Overdub","https://www.descript.com/overdub","Domain exists","awesome-ai-tools"
"ElevenLabs","https://elevenlabs.io","Domain exists","awesome-ai-tools"
"Murf AI","https://murf.ai","Domain exists","awesome-ai-tools"
"Microsoft Azure Neural TTS","https://azure.microsoft.com/en-us/services/cognitive-services/text-to-speech","Domain exists","awesome-ai-tools"
"Lovo.ai","https://www.lovo.ai","Domain exists","awesome-ai-tools"
"Soundraw","https://soundraw.io","Domain exists","awesome-ai-tools"
"Beatoven.ai","https://www.beatoven.ai","Domain exists","awesome-ai-tools"
"Boomy","https://www.boomy.com","Domain exists","awesome-ai-tools"
"Compass","https://www.getwhys.io/compass","Name exists","awesome-ai-tools"
"WebGPT: Browser-assisted question-answering with human feedback","https://www.semanticscholar.org/paper/webgpt%3a-browser-assisted-question-answering-with-nakano-hilton/2f3efe44083af91cef562c1a3451eee2f8601d22","Domain exists","awesome-llm"
"CAMEL","https://www.camel-ai.org","Domain exists","awesome-llm"
"BUILD GPT: HOW AI WORKS","https://www.amazon.com/dp/9152799727","Domain exists","awesome-llm"
"Documentation","https://docs.reworkd.ai","Name exists","awesome-ai-agents"
"Website","https://agentgpt.reworkd.ai","Domain exists","awesome-ai-agents"
"Documentation","https://agents-readthedocsio.readthedocs.io/en/latest/index.html","Name exists","awesome-ai-agents"
"Image","https://res.cloudinary.com/apideck/image/upload/w_1500,f_auto/v1681330426/marketplaces/ckhg56iu1mkpc0b66vj7fsj3o/listings/ai-legion/screenshots/screenshot_2023-04-12_at_22.13.24_d9kdoj.png","Name exists","awesome-ai-agents"
"Image","https://repository-images.githubusercontent.com/638629097/1d3d6251-f8be-4d11-bbb1-4e44b7364b74","Name exists","awesome-ai-agents"
"Website","https://aider.chat","Domain exists","awesome-ai-agents"
"Image","https://news.agpt.co/wp-content/uploads/2023/04/logo_-_auto_gpt-b-800x363.png","Name exists","awesome-ai-agents"
"Image","https://user-images.githubusercontent.com/21254008/235015461-543a897f-70cc-4b63-941a-2ae3c9172b11.png","Name exists","awesome-ai-agents"
"Replit","https://replit.com/@yoheinakajima/babybeeagi","Domain exists","awesome-ai-agents"
"Image","https://camo.githubusercontent.com/72231056f7393fa18ee2baa5cedf2688d1fc15478bb6131936e222e5d23ccbb6/68747470733a2f2f6572696b6c702e636f6d2f6d6173636f742e706e67","Name exists","awesome-ai-agents"
"Image","https://bloop.ai/_next/static/media/logo_white.b3bdedc0.svg","Name exists","awesome-ai-agents"
"Bloop apps","https://github.com/bloopai/bloop/releases","Domain exists","awesome-ai-agents"
"Image","https://bondai.dev/assets/images/bondai-logo-9bec7e27b93b804d375221ff8fb6d336.png","Name exists","awesome-ai-agents"
"Docs","https://docs.xeol.io/bumpgen/home","Name exists","awesome-ai-agents"
"Image","https://3620107743-files.gitbook.io/~/files/v0/b/gitbook-x-prod.appspot.com/o/spaces%2fpmuoqzjfgqnkipmqgnmv%2fuploads%2f9qaq1hlatcqkfrc9k4og%2fimage.png","Name exists","awesome-ai-agents"
"Web","https://www.chatarena.org","Name exists","awesome-ai-agents"
"Image","https://lev.la/images/clippy.jpg","Name exists","awesome-ai-agents"
"Image","https://github.githubassets.com/assets/github-mark-ea2971cee799.png","Name exists","awesome-ai-agents"
"Image","https://sourcegraph.com/.assets/img/sourcegraph-mark.svg","Domain exists","awesome-ai-agents"
"Image","https://www.chaindesk.ai/_next/image","Name exists","awesome-ai-agents"
"Documentation","https://docs.chaindesk.ai/introduction","Name exists","awesome-ai-agents"
"Image","https://avatars.githubusercontent.com/u/133483033","Name exists","awesome-ai-agents"
"Image","https://www.eidolonai.com/_astro/default.jkayxmpi_zwvg5e.webp","Name exists","awesome-ai-agents"
"Web","https://evo.ninja","Name exists","awesome-ai-agents"
"Image","https://fastagency.ai/latest/assets/img/logo.svg","Name exists","awesome-ai-agents"
"Image","https://flowiseai.com/_next/image","Name exists","awesome-ai-agents"
"Image","https://toolpulse.ai/wp-content/uploads/2023/11/godmode-ai.jpg","Name exists","awesome-ai-agents"
"Web","https://gptengineer.app","Name exists","awesome-ai-agents"
"Image","https://opengraph.githubassets.com/678543c5159118a70ea974db32bb95b310a3fbb6ad4296e97d54335031f8df82/joshpxyne/gpt-migrate","Name exists","awesome-ai-agents"
"Website","https://gpt-migrate.com","Name exists","awesome-ai-agents"
"Image","https://techcrunch.com/wp-content/uploads/2023/08/gpt_pilot_logo.png","Name exists","awesome-ai-agents"
"Website","https://tavily.com","Name exists","awesome-ai-agents"
"image","https://gptswarm.org/images/gptswarm.png","Name exists","awesome-ai-agents"
"image","https://llmstack.ai/img/logo-grayscale.svg","Name exists","awesome-ai-agents"
"image","https://encrypted-tbn0.gstatic.com/images","Name exists","awesome-ai-agents"
"Web","https://maige.app","Name exists","awesome-ai-agents"
"image","https://assets-global.website-files.com/6507b4af22875d0b8abf95a7/6507bbdc3085cf26d1e8041e_white-wm-tiny.png","Name exists","awesome-ai-agents"
"Web","https://www.magickml.com","Name exists","awesome-ai-agents"
"Documentation","https://www.memfree.me/docs","Name exists","awesome-ai-agents"
"image","https://files.readme.io/da7f719-small-memgpt_logo_circle_nuno.png","Name exists","awesome-ai-agents"
"Documentation","https://memgpt.readthedocs.io","Name exists","awesome-ai-agents"
"Website","https://www.mentat.codes","Name exists","awesome-ai-agents"
"image","https://composable-models.github.io/llm_debate/img/accuracy_small.png","Name exists","awesome-ai-agents"
"Demo","https://chat.xlang.ai","Name exists","awesome-ai-agents"
"image","https://openinterpreter.com/assets/ncu_thumbnail.jpg","Name exists","awesome-ai-agents"
"image","https://www.pezzo.ai/_next/static/media/logo.b7e3878b.svg","Name exists","awesome-ai-agents"
"Documentation","https://docs.pezzo.ai/docs/intro.html","Name exists","awesome-ai-agents"
"Website","https://prometh.ai","Name exists","awesome-ai-agents"
"image","https://reactagent.io/logo-dark.png","Name exists","awesome-ai-agents"
"Documentation","https://docs.reactagent.io","Name exists","awesome-ai-agents"
"image","https://smol.ai/logo.png","Name exists","awesome-ai-agents"
"image","https://api.typedream.com/v0/document/public/b9d688ba-8f34-40e4-a24a-c62b403b402d/2yukgqsvbvkup7u1hlsrbkcjfro_superagent_logo_candidate_2_invisible_background_small.png","Name exists","awesome-ai-agents"
"Documentation","https://docs.superagent.sh/introduction","Name exists","awesome-ai-agents"
"Web","https://swe-agent.com","Domain exists","awesome-ai-agents"
"image","https://voyager.minedojo.org/assets/images/exploration_performance.png","Name exists","awesome-ai-agents"
"Web","https://w3gpt.ai","Name exists","awesome-ai-agents"
"image","https://theolvs.github.io/westworld/img/cover_hq_westworld1.jpg","Name exists","awesome-ai-agents"
"image","https://cdn.prod.website-files.com/65e9b9dd95692faa9f5bb1c0/65f99924ac1b1f225c356d74_logo.png","Name exists","awesome-ai-agents"
"Web","https://www.getwren.ai","Name exists","awesome-ai-agents"
"Docs","https://docs.getwren.ai/overview/introduction","Name exists","awesome-ai-agents"
"Blog","https://blog.getwren.ai","Name exists","awesome-ai-agents"
"image","https://ability.ai/assets/images/image01.svg","Name exists","awesome-ai-agents"
"image","https://media.licdn.com/dms/image/c4e0baqhoz-qbmwsa0g/company-logo_200_200/0/1677107534930/adeptailabs_logo","Name exists","awesome-ai-agents"
"Twitter","https://www.adept.ai","Domain exists","awesome-ai-agents"
"image","https://www.agents.inc/wp-content/uploads/2023/08/agents.inc-logo.png","Name exists","awesome-ai-agents"
"Web","https://agentscale.ai","Name exists","awesome-ai-agents"
"Web","https://codestory.ai","Name exists","awesome-ai-agents"
"Docs","https://docs.codestory.ai","Name exists","awesome-ai-agents"
"image","https://yt3.googleusercontent.com/tkdmybaxrviegqkjoujtxpilk9x5dmajidldalqshauaekbvbyxloazq1dsv8neqbuzqlwac5w=s900-c-k-c0x00ffffff-no-rj","Name exists","awesome-ai-agents"
"image","https://airkit.ai/_gatsby/image/4d7db4337bbde82f2bf7ffb0e5046c81/a46b36f8203bc3f33cb41b43956d7bd2/img_1847.avif","Name exists","awesome-ai-agents"
"image","https://www.airplane.dev/autopilot/hero/autopilot-logo.png","Name exists","awesome-ai-agents"
"Documentation","https://docs.airplane.dev","Name exists","awesome-ai-agents"
"image","https://www.aomni.com/icons/aomni-logo-black.svg","Name exists","awesome-ai-agents"
"image","https://apidna.ai/wp-content/uploads/2023/12/api-dna-logo.svg","Name exists","awesome-ai-agents"
"image","https://askpandi.com/logo.png","Name exists","awesome-ai-agents"
"Web","https://asktosell.com","Name exists","awesome-ai-agents"
"image","https://www.askyourdatabase.com/_next/image","Name exists","awesome-ai-agents"
"Web","https://www.athenaintelligence.ai","Name exists","awesome-ai-agents"
"image","https://framerusercontent.com/images/abz2dpgylwpnlocvhmitehlvu.png","Name exists","awesome-ai-agents"
"Web","https://avanz.ai","Name exists","awesome-ai-agents"
"Web","https://www.bardeen.ai","Name exists","awesome-ai-agents"
"Web","https://beam.ai","Name exists","awesome-ai-agents"
"image","https://www.blackbox.ai/_next/image","Name exists","awesome-ai-agents"
"Web","https://www.blobr.io","Name exists","awesome-ai-agents"
"Docs","https://help.nurgo-software.com/collection/148-brainsoup","Name exists","awesome-ai-agents"
"image","https://butternut.ai/_next/image","Name exists","awesome-ai-agents"
"image","https://static.vecteezy.com/system/resources/previews/024/246/469/non_2x/advanced-ai-assistant-icon-in-illustration-vector.jpg","Name exists","awesome-ai-agents"
"Web","https://www.b2.work","Name exists","awesome-ai-agents"
"image","https://chathelp.ai/wp-content/uploads/chathelp_black.png","Name exists","awesome-ai-agents"
"image","https://www.claros.so/logo-circle.png","Name exists","awesome-ai-agents"
"Web","https://www.clay.com/learn/claygent","Name exists","awesome-ai-agents"
"image","https://www.codeautopilot.com/_next/static/media/logo_purple.fa331d81.png","Name exists","awesome-ai-agents"
"Docs","https://docs.codeautopilot.com","Name exists","awesome-ai-agents"
"Web","https://www.codegen.com","Name exists","awesome-ai-agents"
"image","https://codewp.ai/wp-content/uploads/2023/09/new-icon.png","Name exists","awesome-ai-agents"
"image","https://commit.dev/wp-content/uploads/2021/05/commit-logo.svg","Name exists","awesome-ai-agents"
"image","https://contextqa.com/wp-content/themes/contextqa/assets/images/cqa-logo-with-text.svg","Name exists","awesome-ai-agents"
"image","https://cursor.sh/brand/logo.svg","Domain exists","awesome-ai-agents"
"Web","https://www.cykel.ai","Name exists","awesome-ai-agents"
"Blog post","https://www.cognition-labs.com/introducing-devin","Domain exists","awesome-ai-agents"
"image","https://uploads-ssl.webflow.com/6408bea3de5aef58b7e197d4/6408c50680c7dae0a89901a1_logo.svg","Name exists","awesome-ai-agents"
"Web","https://docketai.net","Name exists","awesome-ai-agents"
"Web","https://dosu.dev","Name exists","awesome-ai-agents"
"Website","https://www.getdot.ai","Name exists","awesome-ai-agents"
"image","https://duckie.ai/images/duckie_logo.png","Name exists","awesome-ai-agents"
"image","https://app.ellipsis.dev/images/ellipsis_github_logo_white_bg.png&w=640&q=75","Name exists","awesome-ai-agents"
"Docs","https://docs.ellipsis.dev","Name exists","awesome-ai-agents"
"image","https://encode.software/_next/image","Name exists","awesome-ai-agents"
"image","https://1a3c84454236f952546f01b263468144.cdn.bubble.io/f1704473650779x346108115281154240/gray%20logo.svg","Name exists","awesome-ai-agents"
"image","https://techcommunity.microsoft.com/t5/image/serverpage/image-id/439603i2263f871be5d381d/image-size/original","Name exists","awesome-ai-agents"
"Documentation","https://docs.github.com/en","Name exists","awesome-ai-agents"
"image","https://about.gitlab.com/nuxt-images/solutions/ai/duo-logo.svg","Name exists","awesome-ai-agents"
"image","https://gocharlie.ai/wp-content/uploads/2023/08/gocharlie_logo_ai_2x-230x49@2x.png","Name exists","awesome-ai-agents"
"Web","https://www.graphlit.com","Name exists","awesome-ai-agents"
"Documentation","https://docs.graphlit.dev/getting-started/readme","Name exists","awesome-ai-agents"
"image","https://www.gumloop.com/images/gumloop_logo.svg","Name exists","awesome-ai-agents"
"Documentation","https://docs.gumloop.com/getting-started/introduction","Name exists","awesome-ai-agents"
"image","https://images.ctfassets.net/mmgv7yhaaeds/4ufip8dgc0pjeoxenppeqs/d97b0b1916c9b298f2480c1c28460015/social-sharing-magic.png","Name exists","awesome-ai-agents"
"image","https://heymoon.ai/assets/images/image04.png","Name exists","awesome-ai-agents"
"image","https://www.imean.ai/icon.svg","Name exists","awesome-ai-agents"
"image","https://useinput.com/_next/image","Name exists","awesome-ai-agents"
"image","https://invictai.io/_next/image","Name exists","awesome-ai-agents"
"Docs","https://julius.ai/docs/chat-start-guide","Name exists","awesome-ai-agents"
"image","https://www.kadoa.com/images/kadoa.svg","Name exists","awesome-ai-agents"
"Web","https://heyjuno.co","Name exists","awesome-ai-agents"
"Web","https://kompas.ai","Name exists","awesome-ai-agents"
"Docs","https://docs.kompas.ai/docs/kompas-ai-intro/service-introduction","Name exists","awesome-ai-agents"
"Web","https://kusho.ai","Name exists","awesome-ai-agents"
"Blog","https://blog.kusho.ai","Name exists","awesome-ai-agents"
"image","https://static.wixstatic.com/media/d84692_0e36f4d5a7974924a68d537a0c8184f9~mv2.png/v1/fill/w_302,h_166,al_c,q_85,usm_0.66_1.00_0.01,enc_auto/d84692_0e36f4d5a7974924a68d537a0c8184f9~mv2.png","Name exists","awesome-ai-agents"
"Web","https://www.kwal.ai","Name exists","awesome-ai-agents"
"Web","https://lutra.ai","Name exists","awesome-ai-agents"
"Web","https://magicloops.dev","Name exists","awesome-ai-agents"
"Web","https://makedraft.com","Name exists","awesome-ai-agents"
"Docs","https://docs.makedraft.com","Name exists","awesome-ai-agents"
"image","https://bookface-images.s3.amazonaws.com/logos/5e452772f87fd93353d19538fd8f1c9f3ab9b6eb.png","Name exists","awesome-ai-agents"
"Web","https://manaflow.ai","Name exists","awesome-ai-agents"
"image","https://minion.ai/img/minion-1.png","Name exists","awesome-ai-agents"
"Web","https://gpt.nexus","Name exists","awesome-ai-agents"
"Article","https://venturebeat.com/ai/hyperwrite-unveils-breakthrough-ai-agent-that-can-surf-the-web-like-a-human","Name exists","awesome-ai-agents"
"Web","https://powerdrill.ai","Name exists","awesome-ai-agents"
"Documentation","https://docs.powerdrill.ai/introduction","Name exists","awesome-ai-agents"
"Documentation","https://docs.proficientai.com","Name exists","awesome-ai-agents"
"Web","https://www.trypromptly.com","Name exists","awesome-ai-agents"
"image","https://q-bot.suchica.com/_next/image","Name exists","awesome-ai-agents"
"image","https://www.aitoolsclub.com/content/images/2023/07/screenshot-2023-07-26-184451.png","Name exists","awesome-ai-agents"
"Web","https://rebyte.ai","Name exists","awesome-ai-agents"
"image","https://mintlify.s3-us-west-1.amazonaws.com/relevanceai/images/logo/dark.png","Name exists","awesome-ai-agents"
"Web","https://relevanceai.com","Name exists","awesome-ai-agents"
"Roadmap","https://second.canny.io","Name exists","awesome-ai-agents"
"Web","https://www.sentius.ai","Name exists","awesome-ai-agents"
"Web","https://shoppal.ai","Name exists","awesome-ai-agents"
"image","https://spell.so/_next/static/media/logo.32731dee.svg","Name exists","awesome-ai-agents"
"image","https://superluminal.dev/176fae26858de1966f98.svg","Name exists","awesome-ai-agents"
"image","https://talktodata.ai/hubfs/logo-transparant-04-1.svg","Name exists","awesome-ai-agents"
"Web","https://www.thinkchain.ai","Name exists","awesome-ai-agents"
"Web","https://testdriver.ai","Name exists","awesome-ai-agents"
"image","https://usetusk.ai/tusk-logo.eed7968a.png","Name exists","awesome-ai-agents"
"Web","https://www.vortic.ai","Name exists","awesome-ai-agents"
"image","https://ph-files.imgix.net/2c7b17e3-7a6d-4872-ab81-471803a924ce.png","Name exists","awesome-ai-agents"
"Web","https://v0.dev","Name exists","awesome-ai-agents"
"image","https://wispy.technicalmagic.ai/assets/icon-white.svg","Name exists","awesome-ai-agents"
"image","https://workhub.ai/wp-content/uploads/2023/05/workhub-logo-horizontal.png","Name exists","awesome-ai-agents"
"image","https://bot-templates-dbuh9gyx1.vercel.zapier-deployment.com/_next/static/media/logo-color.9fac53e4.svg","Name exists","awesome-ai-agents"
"Web","https://zapier.com/central","Name exists","awesome-ai-agents"